[["is", "there", "a", "nuclear", "power", "plant", "in", "indiana"], [1], {"is_html": [false, false, false, false, false, false, false, false, false, false, true, false, false, false, false, false, false, false, true, true, true, false, false, true, true, false, false, true, true, false, false, false, true, true, true, true, true, true, true, false, false, false, false, false, false, false, false, false, false, false, false, true, true, true, true, false, false, false, false, false, false, false, false, false, false, true, true, false, false, false, false, false, false, false, false, false, false, false, false, false, false, false, false, false, false, false, false, false, false, false, false, false, false, true, true, true, true, true, false, false, false, false, true, true, true, true, true, true, false, false, false, false, false, true, true, false, false, false, false, false, false, false, true, true, false, false, false, false, false, false, false, false, false, true, true, false, false, false, false, true, true, true, true, true, true, true, true, true, true, false, true, true, true, true, true, true, true, true, true, true, true, true, true, true, true, true, true, true, true, true, true, true, true, true, true, true, true, true, true, true, true, true, true, true, true, true, true, true, true, true, true, true, true, true, true, true, true, true, true, true, true, true, true, true, true, true, true, true, false, true, true, false, false, true, true, true, true, true, true, true, true, true, true, true, true, true, true, true, true, true, true, true, true, true, true, true, true, true, true, true, true, true, true, true, true, true, true, true, true, true, true, true, true, true, true, true, true, true, true, false, false, true, true, false, false, false, false, false, false, false, false, false, false, false, false, false, false, false, false, false, false, true, true, true, true, true, true, true, true, false, false, true, true, true, true, true, true, true, true, true, true, true, true, true, true, true, true, true, true, true, true], "token": ["Category", ":", "Nuclear", "power", "plants", "in", "Indiana", "-", "wikipedia", "Help", "<H1>", "Category", ":", "Nuclear", "power", "plants", "in", "Indiana", "</H1>", "<Ul>", "<Li>", "Indiana", "portal", "</Li>", "<Li>", "Energy", "portal", "</Li>", "<Li>", "Nuclear", "technology", "portal", "</Li>", "</Ul>", "<Table>", "<Tr>", "<Td>", "</Td>", "<Td>", "Wikimedia", "Commons", "has", "media", "related", "to", "Nuclear", "power", "plants", "in", "Indiana", ".", "</Td>", "</Tr>", "</Table>", "<H2>", "Pages", "in", "category", "``", "Nuclear", "power", "plants", "in", "Indiana", "''", "</H2>", "<P>", "The", "following", "2", "pages", "are", "in", "this", "category", ",", "out", "of", "2", "total", ".", "This", "list", "may", "not", "reflect", "recent", "changes", "(", "learn", "more", ")", ".", "</P>", "<H3>", "</H3>", "<Ul>", "<Li>", "Bailly", "Nuclear", "Power", "Plant", "</Li>", "</Ul>", "<H3>", "</H3>", "<Ul>", "<Li>", "Marble", "Hill", "Nuclear", "Power", "Plant", "</Li>", "</Ul>", "Retrieved", "from", "``", "https://en.wikipedia.org/w/index.php?title=Category:Nuclear_power_plants_in_Indiana&oldid=772096251", "''", "Categories", ":", "<Ul>", "<Li>", "Nuclear", "power", "stations", "in", "the", "United", "States", "by", "state", "</Li>", "<Li>", "Power", "stations", "in", "Indiana", "</Li>", "</Ul>", "<H2>", "</H2>", "<H3>", "</H3>", "<Ul>", "<Li>", "</Li>", "<Li>", "Talk", "</Li>", "<Li>", "</Li>", "<Li>", "</Li>", "<Li>", "</Li>", "</Ul>", "<H3>", "</H3>", "<Ul>", "<Li>", "</Li>", "<Li>", "</Li>", "</Ul>", "<H3>", "</H3>", "<Ul>", "</Ul>", "<H3>", "</H3>", "<Ul>", "<Li>", "</Li>", "<Li>", "</Li>", "<Li>", "</Li>", "</Ul>", "<H3>", "</H3>", "<Ul>", "</Ul>", "<H3>", "</H3>", "<H3>", "</H3>", "<Ul>", "<Li>", "</Li>", "<Li>", "</Li>", "<Li>", "</Li>", "<Li>", "</Li>", "<Li>", "</Li>", "<Li>", "</Li>", "<Li>", "</Li>", "</Ul>", "<H3>", "</H3>", "<Ul>", "<Li>", "Help", "</Li>", "<Li>", "About", "Wikipedia", "</Li>", "<Li>", "</Li>", "<Li>", "</Li>", "<Li>", "</Li>", "</Ul>", "<H3>", "</H3>", "<Ul>", "<Li>", "</Li>", "<Li>", "</Li>", "<Li>", "</Li>", "<Li>", "</Li>", "<Li>", "</Li>", "<Li>", "</Li>", "<Li>", "</Li>", "</Ul>", "<H3>", "</H3>", "<Ul>", "<Li>", "</Li>", "<Li>", "</Li>", "<Li>", "</Li>", "</Ul>", "<H3>", "</H3>", "<Ul>", "<Li>", "</Li>", "</Ul>", "<H3>", "</H3>", "<Ul>", "</Ul>", "Add", "links", "<Ul>", "<Li>", "This", "page", "was", "last", "edited", "on", "25", "March", "2017", ",", "at", "08", ":", "27", "(", "UTC", ")", ".", "</Li>", "<Li>", "</Li>", "</Ul>", "<Ul>", "<Li>", "</Li>", "<Li>", "About", "Wikipedia", "</Li>", "<Li>", "</Li>", "<Li>", "</Li>", "<Li>", "</Li>", "<Li>", "</Li>", "<Li>", "</Li>", "<Li>", "</Li>", "</Ul>", "<Ul>", "<Li>", "</Li>", "<Li>", "</Li>", "</Ul>"]}]